{"StreamConfig":{},"State":{"Running":false,"Paused":false,"Restarting":false,"OOMKilled":false,"RemovalInProgress":false,"Dead":false,"Pid":0,"ExitCode":137,"Error":"","StartedAt":"2024-07-01T20:38:42.203403766Z","FinishedAt":"2024-07-01T20:40:24.395120331Z","Health":null},"ID":"f55fd6d17330d0f422c144258e1d2fd03061b85ceded8a20b47179937d74d9d4","Created":"2024-07-01T20:38:39.395474398Z","Managed":false,"Path":"/usr/sbin/apache2ctl","Args":["-D","FOREGROUND"],"Config":{"Hostname":"f55fd6d17330","Domainname":"","User":"","AttachStdin":false,"AttachStdout":false,"AttachStderr":false,"ExposedPorts":{"2666/tcp":{},"80/tcp":{}},"Tty":false,"OpenStdin":false,"StdinOnce":false,"Env":["DATABASE_HOST=db","DATABASE_PORT=3306","DATABASE_NAME=mydata","DATABASE_USER=root","DATABASE_PASSWORD=kali","PATH=/usr/local/sbin:/usr/local/bin:/usr/sbin:/usr/bin:/sbin:/bin","TZ=Europe/London"],"Cmd":["/usr/sbin/apache2ctl","-D","FOREGROUND"],"Image":"project_web","Volumes":{"/var/lib/mysql":{},"/var/www/html":{}},"WorkingDir":"","Entrypoint":null,"OnBuild":null,"Labels":{"com.docker.compose.config-hash":"8abab478f16f4a0e9b6951377dd435a1a42088dd97cdf19dae063c0ff421f79c","com.docker.compose.container-number":"1","com.docker.compose.oneoff":"False","com.docker.compose.project":"project","com.docker.compose.project.config_files":"docker-compose.yml","com.docker.compose.project.working_dir":"/home/kali/Desktop/project","com.docker.compose.service":"web","com.docker.compose.version":"1.29.2","org.opencontainers.image.ref.name":"ubuntu","org.opencontainers.image.version":"24.04"}},"Image":"sha256:365436740a2fc3de4596c695859b79bf340e3f238329a43254a4ded6310a2ad7","NetworkSettings":{"Bridge":"","SandboxID":"88b11f0d812d12159c2b63fe19edb457eceacd2e4d36f71e488c005bfed34dbc","HairpinMode":false,"LinkLocalIPv6Address":"","LinkLocalIPv6PrefixLen":0,"Networks":{"project_custom_network":{"IPAMConfig":{"IPv4Address":"172.20.0.2"},"Links":null,"Aliases":["web","f55fd6d17330"],"NetworkID":"774184f6db26c76b16c534a231d28934afafb1f883b8be895cb3081b46ef805a","EndpointID":"","Gateway":"","IPAddress":"","IPPrefixLen":0,"IPv6Gateway":"","GlobalIPv6Address":"","GlobalIPv6PrefixLen":0,"MacAddress":"","DriverOpts":null,"IPAMOperational":false}},"Service":null,"Ports":null,"SandboxKey":"/var/run/docker/netns/88b11f0d812d","SecondaryIPAddresses":null,"SecondaryIPv6Addresses":null,"IsAnonymousEndpoint":false,"HasSwarmEndpoint":false},"LogPath":"/var/lib/docker/containers/f55fd6d17330d0f422c144258e1d2fd03061b85ceded8a20b47179937d74d9d4/f55fd6d17330d0f422c144258e1d2fd03061b85ceded8a20b47179937d74d9d4-json.log","Name":"/project_web_1","Driver":"overlay2","OS":"linux","MountLabel":"","ProcessLabel":"","RestartCount":0,"HasBeenStartedBefore":true,"HasBeenManuallyStopped":true,"MountPoints":{"/var/lib/mysql":{"Source":"/var/lib/docker/volumes/project_db_data/_data","Destination":"/var/lib/mysql","RW":true,"Name":"project_db_data","Driver":"local","Type":"volume","Relabel":"rw","Spec":{"Type":"volume","Source":"project_db_data","Target":"/var/lib/mysql"},"SkipMountpointCreation":false},"/var/www/html":{"Source":"/home/kali/Desktop/project/html","Destination":"/var/www/html","RW":true,"Name":"","Driver":"","Type":"bind","Relabel":"rw","Propagation":"rprivate","Spec":{"Type":"bind","Source":"/home/kali/Desktop/project/html","Target":"/var/www/html"},"SkipMountpointCreation":false}},"SecretReferences":null,"ConfigReferences":null,"AppArmorProfile":"docker-default","HostnamePath":"/var/lib/docker/containers/f55fd6d17330d0f422c144258e1d2fd03061b85ceded8a20b47179937d74d9d4/hostname","HostsPath":"/var/lib/docker/containers/f55fd6d17330d0f422c144258e1d2fd03061b85ceded8a20b47179937d74d9d4/hosts","ShmPath":"","ResolvConfPath":"/var/lib/docker/containers/f55fd6d17330d0f422c144258e1d2fd03061b85ceded8a20b47179937d74d9d4/resolv.conf","SeccompProfile":"","NoNewPrivileges":false,"LocalLogCacheMeta":{"HaveNotifyEnabled":false}}
